resource_state,athlete,name,distance,moving_time,elapsed_time,total_elevation_gain,type,sport_type,workout_type,device_name,id,start_date,start_date_local,timezone,utc_offset,location_city,location_state,location_country,achievement_count,kudos_count,comment_count,athlete_count,photo_count,map,trainer,commute,manual,private,visibility,flagged,gear_id,start_latlng,end_latlng,average_speed,max_speed,has_heartrate,heartrate_opt_out,display_hide_heartrate_option,elev_high,elev_low,upload_id,upload_id_str,external_id,from_accepted_tag,pr_count,total_photo_count,has_kudoed,distance_km,pace_min_per_km,week,run_type
2,"{'id': 157936324, 'resource_state': 1}",Easy 5,5007.8,1786,1805,32.3,Run,Run,,Strava App,17494249094,2026-02-23 13:23:28+00:00,2026-02-23T18:53:28Z,(GMT+05:30) Asia/Kolkata,19800.0,,,,1,2,0,1,0,"{'id': 'a17494249094', 'summary_polyline': '{dxsBso_|L@AP_@De@NSB[L]JuAGc@QWOKUEi@Aa@PSRGNMv@KR[hBBLRj@LL\\Nl@CVIRONo@R_@JYHg@F_AQm@US[ISCc@@[LG?KEQAqBs@s@GO@GB?PSvA@ZKl@DX@v@InB?nAGz@@RBDAYH\\D@rAd@t@Lp@@`AJZ@l@IL[XeA~@qBX_ADSBa@V_BPg@BQRa@Dg@AINCLUj@aCDW?IJa@Xy@BQFITOVg@VQ~@c@TGRKl@OP@`AGv@A`BOz@Dz@BnAA|@Gh@ATI^CNEn@@l@HZAZMj@MX?LEHIb@QRAj@SRCd@UHG@GPADCT[Ja@@g@B??DEK?EBGFBBHRTiAGMH_@XCA?CGFI@@WA[`AfB@FI^[XuB`Ae@RSBq@Py@Bq@EUBg@@YASCy@C_@Gk@A{@FQAi@H}BA[DSCk@BSDWAYDGFQBODWRQDIF[LOJSHUVWRMRSPMVKh@OT]DUPK?iAQs@Cm@G{@YW?iA[_BWWOk@GOI_@?CBMMGBKLAJ@\\DVDPBVPf@@\\CTBTE\\WhAIv@DX?RDpAAzCCT?lAJZJJd@Dp@Th@FJGLJd@N{Be@u@GECa@c@QIE_@N_ABc@@y@@WCkABwA', 'resource_state': 2}",False,False,False,False,everyone,False,g27688019,"[19.134387, 72.911464]","[19.136057, 72.91259]",2.804,11.44,False,False,False,52.4,36.8,18591617472.0,18591617472,stripped_5eb965d9-4172-45ed-8c52-56734d5c9334-activity.fit,False,0,0,False,5.0078000000000005,5.944060598799206,2026-02-23/2026-03-01,Long
2,"{'id': 157936324, 'resource_state': 1}",Back at it,13010.1,4457,4505,164.8,Run,Run,,Runna,17484001086,2026-02-22 12:34:58+00:00,2026-02-22T18:04:58Z,(GMT+05:30) Asia/Kolkata,19800.0,,,,0,2,0,1,0,"{'id': 'a17484001086', 'summary_polyline': 'adxsBep_|L|@_EJqAnABRwAgDu@SpAdA^uBAq@~@m@xDv@z@vAEdAgDHgAa@q@i@Wi@Di@`@}@rEd@v@hAJd@SXq@h@uBH_BTIt@LVsAaDaAWpApAz@_B_@eAj@y@hD?^f@|@pAJn@q@l@kCPeB`AN\\sAKUyCo@U~ArAb@eBWy@^aAjE`@bAz@V|@a@p@_C\\gCfAHP{AGG_Dk@UxApA\\DNyA]u@PY`@u@~Dn@hA|@Dj@]Ts@f@sBLyAfADTyA{C_A]pApAz@yA[gAf@w@nD?d@p@x@`AD`@Y`@eAd@sCg@u@m@Uu@J[\\y@hD?\\Vr@t@`@n@I\\]r@_CFaB]k@i@Q}@L[b@u@lE\\j@p@Xn@Mt@iAd@_CAe@c@w@u@Ms@RYd@o@`ERf@v@`@p@Ml@}@\\iAN_B_@{@k@Uk@Dg@d@}@~DXz@n@Xj@A`@Wj@yAVoBIk@e@i@aAAq@j@s@~DZz@r@Vh@G\\[h@aBRkBUs@k@Yq@@q@n@q@xDLh@bAf@r@K\\i@l@{BDsA[e@mAUq@h@Ut@e@xBBp@f@j@lALzAoD?yAm@w@YCaANYd@q@tDZ|@n@Zz@S^q@d@mBFiAYu@i@Og@@o@f@y@bETr@z@^^Aj@g@n@cCHmAc@y@g@Mm@De@b@y@fE\\x@dAZd@Mp@_BXqADqAgAu@y@Fe@h@u@~DNn@~@b@h@Ih@k@x@gEWi@{@]]Bk@b@}@bED`@r@n@h@Fv@a@`A_EKy@a@]w@Kq@XcAhEFh@f@h@p@H~@i@v@gEMm@q@[i@Em@V]|@e@nCDb@d@j@`AJj@]z@sDMqAo@]u@Dg@b@{@`EPj@f@d@~@@l@s@t@wDSs@{@_@k@Fg@Zw@fEZx@b@Xt@@`@_@\\{@b@gCOw@s@a@m@@g@`@_AfEB`@p@p@z@?p@g@t@eEMm@_@a@cAGe@^cAdELr@r@h@z@E\\[r@aCF_AIi@m@m@k@Gw@h@{@hEXv@f@T', 'resource_state': 2}",False,False,False,False,everyone,False,g27688019,"[19.134257, 72.911554]","[19.134732, 72.911493]",2.919,6.04,False,False,False,43.9,33.0,18581305980.0,18581305980,stripped_5c23679e-4dd3-4fa1-8605-11b74d389d11.fit,False,0,1,False,13.0101,5.709666592365418,2026-02-16/2026-02-22,Long
2,"{'id': 157936324, 'resource_state': 1}",Recovery 6k,6008.4,1935,1935,68.7,Run,Run,,Strava App,17416002719,2026-02-16 13:20:28+00:00,2026-02-16T18:50:28Z,(GMT+05:30) Asia/Kolkata,19800.0,,,,0,2,0,3,0,"{'id': 'a17416002719', 'summary_polyline': 'qdxsBgp_|LBHD[HQVWFIPgACg@@c@CQMYSUOMYCk@H[NYZGR?XSdAQf@E\\@VBJJRPLt@VJ?TGb@e@R[BORWBIRqA@_@Gm@GQ[UYEc@CWFYTUd@GVIRKp@Qn@Ab@BRHVHJNJVJ`@DRC`@[Na@Ra@Nu@NUBQCM@k@G]GQe@YYGW@a@RUTK^Gf@M^S\\O~@DRL\\r@b@NB\\EXMPSh@{ABYPm@@i@A[OYUMSGg@ESFSLOTOl@Q^@HO\\Ib@C`@F^N^^VRDR@RCPMVYH_@Ta@BSPq@H}@A[Ya@SMUGSCODi@XMLIVMp@IRCZGHMl@ARFXN\\d@TXFd@IRSFM\\eARa@Je@Dg@Cm@MYYU_@Ig@F[RSTW|@G`@S`@Il@Bt@DJ~@ZXHRANENQBG\\[HYPYNy@Gy@?YCYW]]SMAo@R]TORU`AGt@ITKj@H`@V^JH^HT?ZM^[RYp@iBEo@@QG]IWGG_@UWC]D_@PMLo@bCATGXCf@NXZ^XJR@NCNGZYXq@BQb@_B@]Iq@EM_@[OCc@CI@_@PUXS`AIT?JKRKn@AP@`@L\\JLTJXDJ?h@KFGR_@H_@Ng@@OVk@Fa@GODUEYY]OGc@I_@F]RSd@I`@Un@?\\Of@CV@NF`@DDf@XPDZ?PGXU@GNOJi@L]D[Po@D_@Eg@CI_@]_@K[?IBQNSLQZM`@G^EHEb@KXCZ?RFZTZRLPDR?^EJOLGLQTeANc@AQPk@D]K]OWGESEMKGA]@[N[\\INAh@OVKx@Oh@B`@DNV\\\\PFBRA`@MXYVm@HMJ_@T_@BGGcA@QCQEQa@]cAEG@a@\\Q\\G\\?\\CXCFMJM\\@LK\\?J', 'resource_state': 2}",False,False,False,False,everyone,False,g27688019,"[19.134332, 72.911562]","[19.135155, 72.911807]",3.105,5.98,False,False,False,44.2,37.9,18513035894.0,18513035894,stripped_4227e5cb-fda6-4044-9b9b-8feda702dbe3-activity.fit,False,0,1,False,6.0084,5.36748552027162,2026-02-16/2026-02-22,Long
2,"{'id': 157936324, 'resource_state': 1}",1km Repeats,5595.0,1813,1850,64.3,Run,Run,,Runna,17374096120,2026-02-12 14:16:35+00:00,2026-02-12T19:46:35Z,(GMT+05:30) Asia/Kolkata,19800.0,,,,0,1,0,2,0,"{'id': 'a17374096120', 'summary_polyline': 'wdxsBcp_|LJe@Zq@AOXeB?o@S]IGc@Qu@@WFCLk@d@GJCJ@PCH@b@GTGbAD\\Pb@ZVZBPCf@QXOVsA@WTk@Ji@Is@KS_@Uc@KW@SLWFGFS\\STIR?d@IRCj@@JA`@B^DLZVVFT@XAf@SFEDGTq@Jy@JS@IFIBq@AMAKO][UKEUCk@HIHENWZOh@a@lBA^BXNZFFVLVBb@CXKJGZq@Fi@Jc@@[FKPgAGYKUUMc@K[BKDs@h@_@^Wl@Cv@BZAZNz@PVTLXDXCLGf@_@Tc@J{A^mA@YCKOU_@Ww@Eg@LSTKRQ`AEFU|@CTAXDVLTLPTPXHL@JCXM^YFITu@D[Di@N}@?UM_@QYIEa@Ki@@WNUPEJQRUzA?\\Mf@?XHXZd@HFd@Bh@EZYNYDKTeADm@L_@DWAMMe@QQa@Ou@?ULEL_@XOZEZ?j@S~@?l@Rf@HFh@NVBHAFEQDe@EIEe@a@I]?KR_BLu@Ng@N[VM\\GT?X@\\PNVHX?l@CVe@rBOXQVIHYL[BKAKE]SYa@GWCWNiAC]@WBKz@y@\\YTMJ@JA`@PTTTb@B\\ANGTIh@Yn@Mj@K\\QRc@P]Cc@OSQOYAK?k@Jc@FQ?KH]AMHS?YDENIf@g@VMf@NXNLLL\\B`@C`@YvAKRETUj@IFa@Fa@Ag@OUUK_@@w@NUFCDKBK?a@Tw@HUTWPMNAR?VH\\TVZBR?RWnAEf@G^m@`A[LUBu@QIGOSMk@@_@Je@?cAFWRYVWZQh@Mt@RJ@HJNl@', 'resource_state': 2}",False,False,False,False,everyone,False,g27688019,"[19.134364, 72.911547]","[19.134034, 72.912714]",3.086,8.26,False,False,False,46.0,38.7,18470906030.0,18470906030,stripped_457b1d98-bd18-484d-95c7-0dc32c662446.fit,False,0,1,False,5.595,5.400655347036044,2026-02-09/2026-02-15,Long
2,"{'id': 157936324, 'resource_state': 1}",5km Easy Run,5004.6,1941,1947,85.6,Run,Run,,Runna,17335216612,2026-02-09 01:43:45+00:00,2026-02-09T07:13:45Z,(GMT+05:30) Asia/Kolkata,19800.0,,,,0,2,0,1,0,"{'id': 'a17335216612', 'summary_polyline': 'qdxsBap_|LVw@Ru@Nk@Ju@Ek@OU[USEa@ASBWPOPKR?XGPE^Yz@I^ATFRRZPLRFb@@TCRIRUP[L_@Fc@Pq@F_@Ca@G]IQa@Qe@KS@]NMNQZG\\EHALSn@ATMj@?TDVLPVRPHJ?HB\\AREPOZ_@^}@Ha@DiABKEw@PGr@VJCViA@SIGq@Ok@KYAIEMCGBGDELOn@BJh@P`@HLHMBMAk@U_@CIDUD_@XKNEJKf@ITSdAGFAJFfA?`@IZA\\GFG`@x@P\\NL@FDp@RL?Vi@DS@{@WUCI?KP[Do@Vq@Jo@DKLgBHEp@TLARm@Fo@GImASa@KQM_@EEDMx@Eb@TLx@PHDEHUG_@Sw@Ia@PORK^@KR[ZUPC\\A^HXNTB?I_@Cs@SAMDSBc@Rg@TD\\PrAVLDBHC`@Qp@EHM@m@OGDCJ?l@QnASr@Q|@Qb@@VXTHJCH@LG`@EDYl@YEkC}@AUBGLcA?WCq@Fk@FONu@BYN}@JOVU\\IRCP@HD~@TEG_@Gc@OIECIDWVo@@IFITDHFh@P`@F^LFF@HATOd@MNIBM?a@GGDE|@@LId@Qn@UnASVQHm@P_@EQI[YKQ?KES?MBUTm@NcALc@RYRMRI`@AXDXNRTHb@Kv@BR[|@CTQ^?J[`@_@Fa@@c@MQOMOCIGY?SF]DINq@VsAHEHSPOTG`@CZDZPP\\DXBl@Kv@On@OZE^GDJH', 'resource_state': 2}",False,False,False,False,everyone,False,g27688019,"[19.134339, 72.911539]","[19.134182, 72.911531]",2.578,3.62,False,False,False,50.0,38.2,18431848618.0,18431848618,stripped_e08cd4f3-77de-4a23-b392-269732a5af75.fit,False,0,1,False,5.0046,6.464053071174519,2026-02-09/2026-02-15,Long
2,"{'id': 157936324, 'resource_state': 1}",Morning Run,15016.3,4988,5014,13.3,Run,Run,,Strava App,17323879151,2026-02-08 02:12:47+00:00,2026-02-08T07:42:47Z,(GMT+05:30) Asia/Kolkata,19800.0,,,,11,3,1,1,0,"{'id': 'a17323879151', 'summary_polyline': 'gh}rBuzk{LtB]fEk@zCIbBO|BHhCF`HrAx@X\\@h@VX@~@h@p@ZjBb@rAPnA\\`Di@Vg@RKL}BHEFFMtAk@fAw@l@]?cBRcDg@wFqBm@a@yCm@a@QqC_@YBaE]w@H]IeB@y@JUCgC\\i@?gGlAaC\\OCWNk@ESJaETmGIg@DsCY_@MsAE[K{@Og@CiBm@c@YkDeAm@]e@C_Bi@YUyAc@a@e@}@KiCq@i@Ce@Pk@Mc@J}AIsB^_BL]RaARIE`@Ij@_@`BUp@G^FRMnAEnACbADRQJBDMf@X\\FVCjAn@ZBt@j@X@|Ab@l@f@n@R\\?hBr@xA^dAj@^@\\Vf@FnAd@bFh@f@?`APp@In@Ll@Cd@Ff@GtDERIdAAtEm@VQjAKzA]|ASv@At@WtBAbAQ^HlAKh@JpACt@Ld@ATJ`BN`Bf@X?z@VT?lExA`C`AnBb@lCLx@WPMVg@r@k@Ba@GoA@r@k@|Bk@d@cBVMLeC]mC_Ac@YUDa@[a@I{Aw@uBa@iA_@m@?YO_AQsGc@w@NmAAsBFCFU?kAT{ADk@TiDn@kAHWPyCV{BNmBCmAJu@IuC@o@IUDo@Q{@Cw@Uk@C}@S_@Sm@Gc@WmA][[_AUk@[_Ce@oAu@u@Oi@YKOu@Y[AcCu@}@Ia@Vm@GmC@cDh@c@?CFQ?iAh@H@|As@jBYb@@l@Ml@DXGhAHPG\\HNAX[LA^FXR~AZXVh@Hp@f@l@Hn@ZjD|@zClAjAZxB|@~@Fb@PtATl@Cl@TPALHb@DrAGt@Ft@EvAD|@GbAFl@QvA?JI`AEtAY`@?XQV?dGiAbDYbBIrCBz@EfAP\\C`@HtAFxBn@pBZVPdAJ|A|@dA\\j@FnAd@~C^tA[r@e@PWZ}@AWL_@GQG?CbBi@~@gAj@k@H{AAcCg@{FmBYQ}Cs@yDw@qCMUIc@Do@KiBJg@Ci@JiA?YJqBRq@?a@Pg@Ba@PeEl@]N]?kAPyCR}GA}@LkB]wCUGIYDoAUWQ{@GeAa@s@_@cAWUSw@[cAUs@]aB]}@e@Y?i@g@Y@q@SUU]?qAa@dEhAp@h@~AZh@RNPlDz@`Cv@v@d@h@FTL', 'resource_state': 2}",False,False,False,False,everyone,False,g27688019,"[18.996688, 72.810837]","[19.002847, 72.810937]",3.01,4.74,False,False,False,5.0,1.4,18420355408.0,18420355408,stripped_95841eb2-3e66-4a2a-9500-021a60f85b0a-activity.fit,False,5,0,False,15.0163,5.536206211472423,2026-02-02/2026-02-08,Long
2,"{'id': 157936324, 'resource_state': 1}",Morning Run,495.2,138,138,0.0,Run,Run,,Strava App,17323569082,2026-02-08 02:10:02+00:00,2026-02-08T07:40:02Z,(GMT+05:30) Asia/Kolkata,19800.0,,,,0,1,0,5,0,"{'id': 'a17323569082', 'summary_polyline': '_c~rB_xk{LEFNEd@ELBR?LBn@EbA?ZBV?nAALCJH~@K`AJ~@Mf@Ch@UbAK`@OTA`@Kj@E', 'resource_state': 2}",False,False,False,False,everyone,False,g27688019,"[19.000961, 72.810406]","[18.996726, 72.810819]",3.588,4.24,False,False,False,5.0,3.8,18420038763.0,18420038763,stripped_c802c077-ecd7-4c30-9183-97c3812d2fd2-activity.fit,False,0,0,False,0.4952,4.644588045234249,2026-02-02/2026-02-08,Workout
2,"{'id': 157936324, 'resource_state': 1}",Evening Run,21129.3,7181,7247,285.7,Run,Run,,Strava App,17260708066,2026-02-02 12:33:07+00:00,2026-02-02T18:03:07Z,(GMT+05:30) Asia/Kolkata,19800.0,,,,0,3,1,1,0,"{'id': 'a17260708066', 'summary_polyline': 'idxsByo_|LdAkFy@iAcBPiAxEfArAzAa@r@wBFiB_AaAyAZeA~ElAhAtA[`AsCe@cCuBHcAbEh@|AjBQjAmEq@wAqBX}@rEf@hAx@HjBaBJmD}@w@aB`@w@~ExAdAlAm@p@iB@uAeAyAiB~@k@bEbA`A`Bm@r@cEcAqA{Ad@{@hEn@lAhBUbAyE}@iA_BZ_AzDJ~@l@b@lBk@n@mEiAcAyAj@w@tDP`Ar@^fBw@p@iCCmAo@m@mB\\{@bEx@tAdBW`AcCIoBy@s@gBb@s@bE`@lAzBMp@uAHaCs@kAoBd@{@xD`A~AfB@x@qFk@gAoBLgAjEj@tAjBEdA_D]cCgAUw@`@{@xDj@dBnBU~@}Do@_BcBDeAzEr@rA~AOfA{EaAqAqBl@m@dE`AlAzAW`AaFcAiAwAZ_AvE`AnA`Bi@t@iBDgBi@{@cAMu@b@_AnEhArA~Ak@r@}Dw@wAcA?g@j@w@`Ep@jA~AGhAgCAyBs@m@mB^w@nDLjAh@\\`BQbAuEu@uAmB`@y@|Db@tArBG`A{B@sBc@u@mBJmArEz@xAhAEj@k@p@{AAaBaAuA{A\\_AjEj@tAjBKdAsCCgBg@k@sBPcAdEr@zAlBQbAkCKqBs@i@}ARgAvE\\z@v@ZjBmAb@gDaAqA}Ab@cA`E~@zAbB[~@gCCaBo@u@qBX}@hEz@rAnBc@r@wDM}@o@_@cBf@}@rDv@zAjBW~@cEq@uAsBZ{@dEn@nApBQ|@cEs@_BkBV_AtElAnAvAa@x@gEW}@w@]mAZiAlE|@tA`BMfA{E{@sAiB`@}@lEf@fA|BJQMlAkEWmAaA]}@ViAbEf@xArBEdA{Dg@cBiBBmApEj@rAlBCdAeDGwAk@m@iBVeAtE\\t@jATtAeAd@yACeBsA}@oAh@{@lEx@dAxBk@p@aCGuAy@u@}ALeAnEZjAx@ZfBgAd@{D{AgAkAd@}@dERx@x@\\~Aa@z@mCOgBaAi@}Aj@y@hEjAnArASbAoC@uAk@_AcAI{@j@w@tDd@pA|BP|@aDAgBk@o@wBT}@zDh@xAxBQfAwCg@}BwBBgAdEf@~AzBS~@oCAyAi@o@wBFcAdEd@vAtB?pAgCQ{BmBm@{@h@c@xA?rCzBf@~A}Ca@iC', 'resource_state': 2}",False,False,False,False,everyone,False,g27688019,"[19.134293, 72.911492]","[19.134134, 72.912942]",2.942,4.92,False,False,False,45.7,38.6,18356698526.0,18356698526,stripped_e579d62d-8152-4bdc-97dc-990a8b8a06f8-activity.fit,False,0,1,False,21.1293,5.664330258614026,2026-02-02/2026-02-08,Long
2,"{'id': 157936324, 'resource_state': 1}",Over and Unders 1km,4126.2,1198,1198,56.7,Run,Run,,Runna,17256261100,2026-02-02 02:03:44+00:00,2026-02-02T07:33:44Z,(GMT+05:30) Asia/Kolkata,19800.0,,,,0,1,0,3,0,"{'id': 'a17256261100', 'summary_polyline': 'kdxsBep_|LVg@DUFOF]FS?SNaAAKIYY[c@Oc@ASH]Zk@`@S\\Qn@ALAJZbBP\\PL`@LVB^KPQLUt@_AJ[?WIq@BM?c@Kc@OM[M_@GS@UDQPq@^[d@Ul@AJDJFBHZCl@BV?TFRFFVB`@JV@^IRMR[LYLi@LWDYB}ACYMO[SWGW@YFsAz@_@v@EZ@XDVHNFp@Pd@PJVHb@Ad@IZ_@JWX_@Rq@?WC[@o@AI]q@UOg@GWBUJ}@t@OPY~@ATD\\JVP~@DLFFRP`@DV?d@M^q@b@wAB]Fe@@[Gg@EKII]SYGo@F]VGL]RY^GHMz@Dh@RjALT`@ZV@p@E^WZw@KNOd@GHSLe@FYEKCm@_@KYI{@I_@?[DYHWb@a@|@q@d@KJ?d@JTJZn@?JA\\EXGfAIVWZUt@o@LW@e@KMGICMSKYU{A@WFYVm@nA_A^Od@BVHTTTX?hAEd@Oz@ELIJIXOTKFEJIF[@{@Ka@QGKK[Ce@I]CWHu@HWNUlA}@n@GV@VFPNTd@@J?\\Ed@@XCLQt@]\\Wb@UNIDYB[C[K', 'resource_state': 2}",False,False,False,False,everyone,False,g27688019,"[19.134303, 72.911554]","[19.134905, 72.911463]",3.444,4.617,False,False,False,45.0,38.2,18352199759.0,18352199759,stripped_88527c1c-0899-4034-96f3-9c31f0f9a2e7.fit,False,0,1,False,4.1262,4.838996332380075,2026-02-02/2026-02-08,Workout
2,"{'id': 157936324, 'resource_state': 1}",5k pr,5000.0,1383,1383,0.0,Run,Run,,,17231254768,2026-01-30 14:17:48+00:00,2026-01-30T19:47:48Z,(GMT+05:30) Asia/Kolkata,19800.0,,,,0,3,1,1,0,"{'id': 'a17231254768', 'summary_polyline': '', 'resource_state': 2}",False,False,True,False,everyone,False,g27688019,[],[],3.615,0.0,False,False,False,,,,,,False,0,1,False,5.0,4.61,2026-01-26/2026-02-01,Long
2,"{'id': 157936324, 'resource_state': 1}",Easy pt2,7673.4,2610,2622,94.8,Run,Run,,Strava App,17160729015,2026-01-24 12:45:27+00:00,2026-01-24T18:15:27Z,(GMT+05:30) Asia/Kolkata,19800.0,,,,0,2,0,3,0,"{'id': 'a17160729015', 'summary_polyline': '{cxsBep_|L@M`@mADW@ULiAGa@Y[a@UWEQBu@ZWhAIv@KRQt@@ZN^`@V^JP@JAp@g@L]Di@V}@?MFCJ_@Ag@ISSSOIKC]C_@?KBWRUh@CTOh@C^Wr@?PPr@RRLFj@FT@JAROFAHId@oAHKF[?m@CMDW?QMc@SUIGk@CO?]HUR?EA@MLWtBYr@EVF\\LTNPl@NRBRGb@UNSFU^q@Hc@Ba@C]@WG]KWYQ]IQBKAYBKDYh@UxASh@Gp@Jj@DJNJXJJFV?XDLEHOLILWF[Zm@Ls@Ge@Dg@EUMSQMSGc@G[Dm@f@IROfAQp@Kp@Dd@FRJHf@Nl@JD?HEHM`@QJUD[L[Ru@@]EWBg@CQQ[OEg@SIAW?WFGBGPOPOf@OhAM^Ip@@VLVXXd@P^AZOXYHU`@k@BIDg@BiAAM@GCSMU][e@Ci@Fm@f@Md@Ev@Ul@ALGX@LH`@JLZRb@JNHJCp@i@JYDWDILMRWDYEi@@m@EQMW[W[G]?QBMFMLSZIXWrAM`@G^DXPf@LNJ@RATDN@\\QDB?DADg@No@K[KM[CKA_@De@`@sBDEJg@POHOVIXC~@ZJJJZ?REf@B^IZAZILCL_@\\Ul@ONSBi@CKIOCa@g@EU?WFg@Re@@WLg@Fi@PULK~@ON@\\LRTLVAx@Gb@]`AEVBXKTGTMNi@JW@_@S_@WI_@Am@Jy@?_@Fq@Na@POZOr@OXDPFd@X@LGlAFNIp@EPEd@Y`@OZ[PKB]?a@MQCQIQUEU?_@Dc@LY@KIq@?]HM`@YDIn@]XEf@JRHVVFN@RCfAGp@QXIXKPGTMJEH[TMDSCSKQEKEUOIQCW@Y?[R{@Ik@@MHUXW\\]TIb@@l@NLDRRBF@\\AX?TCLFXCLc@rAYl@KL_@HY@WEKIa@OKSK_@Aa@Ni@LWM{@@OJOd@g@f@UXGv@PNJ\\p@@DE\\?l@UpAg@l@ADBPEH[Rw@Ga@ISKOY?OKc@DONYFIDKMu@AYHUFK\\UNQTIj@@fAZLBFD@FIn@EHEZ?j@EZU`AOVe@d@OF[@m@SWSUe@CKQWGc@GOCCQEW@_@Ga@FGAGGEWOSAIBWC]@c@Nw@?a@', 'resource_state': 2}",False,False,False,False,everyone,False,g27688019,"[19.134225, 72.91155]","[19.13591, 72.913432]",2.94,4.38,False,False,False,47.0,35.6,18255887814.0,18255887814,stripped_9dc43241-c055-40a6-aee0-b5697df2ba5b-activity.fit,False,0,1,False,7.6734,5.668934240362812,2026-01-19/2026-01-25,Long
2,"{'id': 157936324, 'resource_state': 1}",Part1,1988.0,692,692,28.3,Run,Run,,Strava App,17145724924,2026-01-23 02:22:34+00:00,2026-01-23T07:52:34Z,(GMT+05:30) Asia/Kolkata,19800.0,,,,0,1,3,1,0,"{'id': 'a17145724924', 'summary_polyline': 'kdxsBwo_|LHo@Rk@BQJWDUDi@HUGk@_@e@s@MYDULSTQJ]VIVCZCJEt@@d@BRNn@NL^J\\@^E\\SNQHa@\\w@HeA@eAGM_@]a@Ia@?c@Pm@d@U`@CXB^OZANB~@HZ\\\\d@LV?TCRIVUVq@NOTm@D[K[@o@Ka@KMUM_@OW?YLONSLYBQREZKVAXEPAf@H~@Tb@XNVDj@Ax@[Ty@T_@DO@m@CWBm@EUKQg@YSGO?e@H[X_@PKLOl@K|@FtABLJPXTRHb@@\\Cd@UVm@', 'resource_state': 2}",False,False,False,False,everyone,False,g27688019,"[19.134301, 72.911486]","[19.134149, 72.911781]",2.873,3.86,False,False,False,45.0,38.1,18240759120.0,18240759120,stripped_b0bcdaa7-cb1f-42f3-a000-b0adbb5bc6fa-activity.fit,False,0,0,False,1.988,5.801475519785379,2026-01-19/2026-01-25,Easy
2,"{'id': 157936324, 'resource_state': 1}",Drop Set,5410.1,1754,1773,72.4,Run,Run,,Runna,17127390206,2026-01-21 13:10:57+00:00,2026-01-21T18:40:57Z,(GMT+05:30) Asia/Kolkata,19800.0,,,,1,2,0,2,0,"{'id': 'a17127390206', 'summary_polyline': '}dxsBgp_|LHOXu@Js@HUP}@?YGWKSQM[Ka@?_@H_Ar@_@`AGT?LHt@?d@JRJNXTRF`@@\\Il@o@N_@FW@_@Nm@By@CWMSOOg@O]AUHk@`@YNMNETSh@Iv@?R@J^x@NPVL\\JR?\\K^Y\\i@DURYJS?IGk@Ao@E]MYIGi@KMA_@FYJYXWJGJ_@v@CN?XFXDz@Nb@^Xd@Jh@CJAJGNWHYVg@J[@O?q@Fu@E]EK]WWMY?YDWNOPm@ZQf@St@FnABHVh@PPXNVBVCLE^YRUNYPs@Jw@Bw@CYM[SKe@Qi@DQHOJGNQD[`@Uj@GVCPBPLtAJTRRNFVFZ?XK`@YFIr@qBD{AAKEMY]o@Sg@DYHMR_@TW`@Yt@CPDl@VjANVVN^B\\CVMVS^_AH}@N]Dk@Gk@KQ[S[I_@@SFa@XEHIBQP_@l@I\\E`@V|ANXRRVJZ@ZE`@YHKZs@Ri@?MJ[@MC]?]E[Y]UMe@E[DKD]Za@VMVYt@CVJv@Bd@L^RRz@VPCRETWPOB?a@\\YLM@c@CYIWSQg@Iw@?k@F]Pi@HGLWl@a@RIVGL?f@FXTPT@NEtADICKEGHw@AUGIg@[e@Kk@HYNEJIH[LGFS\\ANEFCLC`@J`AH^PZLNd@NPBt@O`@a@c@b@IDKBU@Y?a@MSKEIOk@?YK{@Da@\\_ADEf@WVWRKLATBTDTHPNJVFZ?JMfAMd@C`@Yr@c@^e@DSASISESKO_@KaAOM', 'resource_state': 2}",False,False,False,False,everyone,False,g27688019,"[19.134396, 72.911562]","[19.135279, 72.912142]",3.084,4.96,False,False,False,46.5,39.3,18222301297.0,18222301297,stripped_db6d5854-0dfc-4d77-8636-842b159cf5fa.fit,False,0,1,False,5.410100000000001,5.4034737497150385,2026-01-19/2026-01-25,Long
2,"{'id': 157936324, 'resource_state': 1}",Tempo 2-1,5550.2,1759,1768,68.5,Run,Run,,Runna,17103455244,2026-01-19 12:32:21+00:00,2026-01-19T18:02:21Z,(GMT+05:30) Asia/Kolkata,19800.0,,,,0,1,0,1,0,"{'id': 'a17103455244', 'summary_polyline': 'odxsBcp_|Lp@mCLq@?[E[MUSQSKc@CSB]RORKVALm@jCATBTDHTVd@Rf@?HA`@YLQXgAZ}AAa@I_@]Y]KUEWD]Nc@XSXOf@E~@DnADVZXPJp@DTCZUTa@Fa@Nm@BSNe@@UC_@GUSW[OI?UC]B[PUj@W~@EZSn@@h@DTPVRJf@JTAXIl@m@^qAFeAD]CQGO_@c@]KYCe@PWRUJSRCL?\\Dh@ANU~@Ff@Z`@JDLDh@BLAVMRSNU^yALeA@YI[QUWOe@Ie@?y@j@UZKVAJPn@EXKf@?XFVR^JHXDf@ALAb@W`@i@Rm@Jg@?OAaAGe@e@c@KEYCe@BUHs@d@Wl@GzADr@DXR\\TNXFf@?VGPQd@y@Tq@F[Ag@@i@EYMWSOKEWEYAc@Hu@d@MRMd@Mt@?d@HTBf@FTXXTJZ@d@CTKV]Nm@FMFYPgA@k@Yo@QOa@GYAMBSH[Ze@dB?JShA@\\DLZ`@LJLD\\@\\EVOb@m@Zs@F_@B_@A{@E[Yc@UOe@GUBKDaAn@GDIXF`AEZOb@CXVn@HHHFVJXBX?TKHKJEJQDKHw@`@yAB]AOI[OSi@SKA[@YFKDq@h@IX?L@JBH@\\CJOTMb@BTH`@XZZN\\D[E[MQQIa@CUDc@Nw@Ec@Dc@Z_@^UXMf@GH@l@RLNH\\?JKZF\\@VAHSv@U^Qn@EHa@JS@]?KES?a@g@EKCIAw@Ve@`@kB^i@ZO\\EPB\\LTXJ^?TG^@l@', 'resource_state': 2}",False,False,False,False,everyone,False,g27688019,"[19.134324, 72.911547]","[19.134013, 72.912226]",3.155,4.82,False,False,False,45.1,38.2,18197930576.0,18197930576,stripped_08d2325c-ab59-4f9e-9763-d56ca40dc444.fit,False,0,1,False,5.5502,5.282091936626908,2026-01-19/2026-01-25,Long
2,"{'id': 157936324, 'resource_state': 1}",4km Easy Run,4017.5,1396,1401,62.5,Run,Run,,Runna,17092926013,2026-01-18 13:00:51+00:00,2026-01-18T18:30:51Z,(GMT+05:30) Asia/Kolkata,19800.0,,,,0,2,0,3,0,"{'id': 'a17092926013', 'summary_polyline': 'sdxsBap_|L@@Tg@He@Ts@PiA?YAIKYOQ_@OSEa@@UHy@f@e@jAIb@ThBRZPLh@JTATGb@[Rc@\\[Tk@?WEc@Aa@CYIQ]Wc@MIAS@]Ny@`@Yp@Qv@Jt@Bl@HVJNPLRHd@@ZGl@_@HSLKFUR[Da@Ce@?m@Ia@OSYS[Ga@AKBGFEHs@ZIF[z@GVARJh@E^@HJ^DF^Z\\H\\APERMf@k@JOTu@F_BEYIUKIKO]Ma@AUDa@Ta@ZYh@E\\IR@HAt@F^Pj@XVFBLAHD\\DHAPId@_@P[Ja@NYFFK\\MR[VGRQRYHi@A]GOIOSCIGo@Bc@Pg@BWVgAZg@PKb@In@JPLNZDj@?n@BJO`A]t@c@j@q@JWAg@SEGOWEU?WIkA@_@HWb@u@v@i@RCV?t@NNNHRBT?b@C\\?j@O^U~@EHc@\\s@Lg@Kc@a@GQCa@@WXoACy@@KTYTENM\\O\\A^JXPNZFXEx@?b@O|@W`@GPGDQRKDW@IDa@?QGYSQ]ESEcAAe@DS`@eALQPMd@UJC\\?TB^PJNLf@BVAj@BRE^ERY^Kd@', 'resource_state': 2}",False,False,False,False,everyone,False,g27688019,"[19.134341, 72.911539]","[19.134207, 72.91163]",2.878,3.767,False,False,False,44.7,37.3,18187583797.0,18187583797,stripped_72b9cb12-a731-4167-98e9-a4d1fddfb7f3.fit,False,0,2,False,4.0175,5.791329599668118,2026-01-12/2026-01-18,Easy
2,"{'id': 157936324, 'resource_state': 1}",Afternoon Run,10014.5,3122,3122,145.6,Run,Run,,Strava App,17069264128,2026-01-16 12:07:50+00:00,2026-01-16T17:37:50Z,(GMT+05:30) Asia/Kolkata,19800.0,,,,0,1,0,1,0,"{'id': 'a17069264128', 'summary_polyline': 'ycxsBwp_|LRE`@m@KY@cCK_@SSo@Qc@?WL{@j@a@`BPrBL^v@h@X?XMh@k@p@cB?aCa@m@i@I}@RW`@s@bD?x@Zd@t@Nt@YfA{ALm@GcAB][o@{@Uw@Vu@h@[r@Ep@JfBVb@n@ZnAWb@s@f@}AKq@?_AWa@]O]Eq@Ja@Rk@`AUbAR|A^~@`@H~@Mf@i@j@cAH_@IkBSk@q@Wi@DOR{@b@c@vABlBJZr@l@|@Ep@q@h@eAFyBMu@u@_@o@AoAv@]v@KhA\\nBv@d@r@C\\On@qANs@FgBOe@k@a@u@?sAl@a@jA@hBXhATNb@DdAMj@eA`@oAIi@Do@CUYc@o@Os@DgAr@a@pACh@Rp@?h@DPz@f@z@E`@[\\o@Pm@H}@?eAG[UUe@Qo@CWHW\\c@RUb@GZArAZvA`@\\fAJb@e@z@iBD[IeA@i@u@q@q@C[PSb@_@LS^UnANfBTVx@Zj@Kt@kAb@aABa@G]GDD`AK`Ac@l@y@b@aBg@Mi@AqACe@l@iAfA_Ap@?RH^b@LTBZKd@?h@OfAoAjA{@Jy@w@K}AHiA~@uA~@]~@`@Z`@@bAMn@?j@ETKT_Az@s@?a@Mg@q@Ec@Ha@Tc@Oc@Ba@z@iAb@Mz@H`@RR`@GpAFPQvAc@Zc@r@e@H{@Wi@w@Eg@D{Ab@{@z@q@b@Uv@Pb@d@Hn@WbB?x@g@h@u@`@[Be@Ke@e@M}A@gAn@aAdA{@~@Nd@`@L`@Mv@?p@K`AMXaAl@o@HUGu@y@KkAJaA`@{@fBw@x@L^j@B\\Q`AM|Aq@h@KZcALa@[c@k@IyBp@{A`Ag@r@KTBZZTl@?bA[lA?Ts@dA_@Ji@@y@e@Q]@e@MiANy@\\}@h@KTSj@@x@^^^BVa@zC[h@WZc@Py@Ge@[[u@Dm@Aq@XyAb@Qb@c@b@QNNl@L\\f@J`@]xCi@~@ONWB}@Ec@YUY@y@GYFeAb@gApAu@bAVZ^L^Al@DR', 'resource_state': 2}",False,False,False,False,everyone,False,g27688019,"[19.134216, 72.911642]","[19.133928, 72.912325]",3.208,6.16,False,False,False,43.2,35.8,18163625775.0,18163625775,stripped_45d96402-29de-43d7-b32a-c99b999ef20b-activity.fit,False,0,0,False,10.0145,5.195799424168289,2026-01-12/2026-01-18,Long
2,"{'id': 157936324, 'resource_state': 1}",Progressive Run,4684.0,1467,1467,45.7,Run,Run,,Runna,17047637948,2026-01-14 14:41:47+00:00,2026-01-14T20:11:47Z,(GMT+05:30) Asia/Kolkata,19800.0,,,,0,2,0,1,0,"{'id': 'a17047637948', 'summary_polyline': '}gxsBcw_|Lk@dCCZ@JDVVZ^PX?d@IPO`@i@Rm@R{@?mAEWW[UKUGY?UDUL[Za@zB?JKd@Ed@@LLP`@RTHb@?VGHCX[^cARy@H}@AWCKKUMM]QWCI?a@HQLYVEJW~AQp@E`@Lr@TPTJX@b@AZOFGf@gAVyADu@CYMSOOg@Qa@?WFa@\\Mb@m@xCBb@HR`@`@TDX?\\Ed@]Zi@VeAB{@Da@AUIS_@]QG_@CWBULY\\w@bDCb@H^JRHFJDZFZ@h@KJGLWX}@TiAHy@Ge@KQQQSII@^NVVFH@LBXEZSz@AJ]rAIRSN_@Hm@AUIIGS]IY?YLs@Nc@TgAXe@ROTGTAd@JZTHVHp@c@hBIl@KT_@b@YFU@K?WESKU[IY?i@ViANa@Ls@JUZSHEf@EVD^VJTJf@AZGXWz@Ox@KVMPm@RM?e@CSMUYIe@@YTqAJWDYPe@Za@RIXCp@J\\VHR@ZGh@a@pBEb@OTQNm@Rc@Ga@QOSOm@?WHWGLTu@HEBUHSBWDUf@o@ZMJ?P@RFRJPPL`@?XEn@]rAMr@EHIRKDk@JW?WGQIU[K[AK@m@DSd@gANaANOLKJGVE\\BRDNHTVHT', 'resource_state': 2}",False,False,False,False,everyone,False,g27688019,"[19.134873, 72.91266]","[19.133999, 72.912752]",3.193,4.05,False,False,False,42.4,36.1,18141845578.0,18141845578,stripped_67b97c1c-4eb5-48f9-9737-dc65431faf6f.fit,False,0,1,False,4.684,5.219897523484201,2026-01-12/2026-01-18,Workout
2,"{'id': 157936324, 'resource_state': 1}",4.5km Easy Run,4530.6,1434,1434,46.4,Run,Run,,Runna,17023363251,2026-01-12 14:31:22+00:00,2026-01-12T20:01:22Z,(GMT+05:30) Asia/Kolkata,19800.0,,,,0,2,2,1,0,"{'id': 'a17023363251', 'summary_polyline': 'igxsBqx_|LO^Kp@Ob@Kd@ELId@Jd@PTRN`@D`@CVKPOZi@La@H_@Bg@Jk@@YMe@UW]MU?i@JYVKRK`@SfAUv@Dp@HTPPTH^FTCTI^c@Vs@Lc@Fo@Lq@AWOa@MO_@Oa@CSDWHMPWf@AVc@|AG`@@b@H^FHd@VT@h@CRKV[Z{@TeBDa@AWEMISWSa@IU?[JWRWb@ALOf@WtACj@@TJRNPZLT@h@GPITYFIBWV}@PaADq@ESQ]SK]Ga@?SDYXMRGTS`AM^Mr@ATBTHRNLFJRFTBb@C^MNMN]XcARiBA[ISMSUOQGUAUBUH[TIREX@ODK\\e@`@Mf@B`@PRPJd@?JCb@SbAYjAKRWVQHUBa@Ca@QOMEGIa@Fq@Ni@TgAPi@LOPM`@IT@RB\\TT^BL@HEd@[`AWtAKPSP]JK@a@CIE[UQ]E_@@a@Rs@Fa@\\aA\\c@TGd@?XH\\XJTFb@CTW`AGb@Y`AUVa@LW@]G]SQ]CKAe@DYn@gCHW`@WTE\\@V@PLP\\HT?b@CTo@tCCHQPIDa@L_@GK?]QOOM_@?c@BWt@iCXc@ZQJAh@JTHZ\\DLB^Eh@q@pCOPa@P', 'resource_state': 2}",False,False,False,False,everyone,False,g27688019,"[19.134776, 72.912897]","[19.134503, 72.91147]",3.159,4.333,False,False,False,45.6,39.7,18117407969.0,18117407969,stripped_db152cba-23b9-4b5f-a719-36c50e355cea.fit,False,0,1,False,4.530600000000001,5.275239482629232,2026-01-12/2026-01-18,Workout
2,"{'id': 157936324, 'resource_state': 1}",Run + walk back to hostel apparently,11141.1,3739,5404,127.8,Run,Run,,Strava App,17007379000,2026-01-11 01:48:49+00:00,2026-01-11T07:18:49Z,(GMT+05:30) Asia/Kolkata,19800.0,,,,0,2,1,2,0,"{'id': 'a17007379000', 'summary_polyline': 'gdxsBop_|LBFNqAd@mBC}@m@i@_AAWN[f@u@jDNt@X\\~@Hv@g@`AgEUs@o@a@{@B]Z_AbELz@b@\\|@Hp@m@r@_DDy@e@i@e@So@Bg@^w@nD?XTv@h@Xb@B\\Kh@q@f@yBBcAWq@s@U{@JKJw@tCKlAZt@`@Pp@Cr@m@n@sCFs@[u@o@Uo@De@`@o@jCK|@FZp@t@`AEb@_@z@iEOq@k@_@_A@e@^y@~DFf@d@n@bAFf@_@^eA^qBCy@o@k@k@Cs@TgApERt@p@b@p@Cj@e@h@eBN{AIm@w@k@g@@k@^y@zCIt@Pr@r@\\d@?t@k@\\{@\\qCc@u@g@Uk@Bm@l@u@zCCf@Rn@h@Xx@@l@g@d@_CJUBg@Ku@o@e@w@B[NU`@Kz@W`@SzAVx@l@Xz@AZ[`AsEQi@y@e@]Eu@j@m@~BOlAXt@n@X`@@l@_@@Fu@Tq@Ck@e@Ia@ZsBf@aBf@]bAD\\ZPp@{@~Dm@f@u@@m@YSeAd@sB`@kAj@_@hALZ\\Hp@w@lDU`@SNi@Fw@UQYQ{@Ra@d@yB^s@TIdAFl@n@?r@Ut@BTq@lBw@Zw@KYYQeAl@gCl@eA\\Kt@F`@XRv@c@tBe@tAe@\\s@?c@Q[g@EWfAoEp@_@p@Bf@\\Rv@m@~BQdAy@b@w@Gc@_@Ms@|@{Dr@k@n@@f@RXbA{@zDm@h@cAAi@a@KW?_@dAeEZWZChANVl@Bp@a@jA[|Ay@j@g@Ag@UYy@JcAl@eCr@e@d@Ev@XTr@StBWb@S|@a@Zq@Du@_@Wi@?S`AiEb@Y~@Ad@VVr@Gt@g@tAShAYXoABk@k@Mc@RoAj@sBf@e@fAAf@^L~@QfAu@|BIHEKl@y@Bi@SrAORcAVYA[WUe@I]Hw@pCl@NKFFCTGD?z@CMDDCDDAK@BDFKEIDFG?FBCKaBqBi@yAEy@IMwAs@kASMwASYk@@s@QGRKMy@QCNFFOd@r@\\@Xg@i@HCAH]CDWIQ\\d@ERAa@VEPJORA[a@GLAI?EC', 'resource_state': 2}",False,False,False,False,everyone,False,g27688019,"[19.134288, 72.911604]","[19.136973, 72.913851]",2.98,6.38,False,False,False,53.7,37.5,18101207513.0,18101207513,stripped_b0670ef3-7174-4177-9396-4ea76a31a697-activity.fit,False,0,0,False,11.1411,5.593403404212032,2026-01-05/2026-01-11,Long
2,"{'id': 157936324, 'resource_state': 1}",400m Repeats,5039.1,1616,1652,61.4,Run,Run,,Runna,16968503350,2026-01-07 14:19:00+00:00,2026-01-07T19:49:00Z,(GMT+05:30) Asia/Kolkata,19800.0,,,,0,1,0,3,0,"{'id': 'a16968503350', 'summary_polyline': 'cgxsByw_|Ly@xCAL@XHZNRTLLDXB`@CRMNORa@Pk@De@FWHk@?WGa@QUMOw@KWDe@ZKTUx@a@pBBb@BJP\\f@RH@b@Ad@OVY`@}ALQF_@Bo@AUIWU[g@Sa@EUDULMN[r@Iz@[rAAV?VJRLNTLd@D`@Ad@UR[Vq@ZcBFq@CIM]]Ue@QWCUFGD]^[lAKp@EDITG^@^FRNPPNPFf@BPAPGNKVa@F]N_@L{@Hq@A[K[SUk@QM?g@HUPILOh@Qv@KXEXIPGT@JJf@DHPLf@JV@PAXKLIRYHUN[Ni@HgAAo@EOQSIGi@OM?[DWPQVQd@UtASr@CP?RFRJNf@V\\Fb@GJI`@a@DMXy@Hm@H[B}@AMGI]_@MG[GW@KBMDWPYp@Kl@St@Gf@@j@Pf@H@DHHDHAICa@WMSA[Fk@ZgAXmAZc@HGVKP?ZH^PHHL`@@LOpA_@nAMZYb@UN_@F]Ga@YQYAIAe@XaARgAVq@\\_@JEJA\\?ZHZZFLF\\Ah@EXO^YvAMXc@Xq@H]EYOKY?WCGAYRu@Qp@CVBXBLRVHDVJ^DXCRGPQJSf@mBL_A?_@EUUYQM]K_@B[JMNSXITO`AW|@E\\Rt@VR^N^ATGPGNQr@wBJaAAc@K]WWYKUCi@HQHQRSl@Il@YnAGd@', 'resource_state': 2}",False,False,False,False,everyone,False,,"[19.134747, 72.912775]","[19.13505, 72.911844]",3.118,5.54,False,False,False,42.0,36.1,18062003076.0,18062003076,stripped_c6ed15c3-1dc4-427c-b3ee-2b845c5dca5d.fit,False,0,1,False,5.0391,5.34486978494837,2026-01-05/2026-01-11,Workout
2,"{'id': 157936324, 'resource_state': 1}",4.5km,4714.3,1372,1372,48.6,Run,Run,,Runna,16957009698,2026-01-06 14:09:15+00:00,2026-01-06T19:39:15Z,(GMT+05:30) Asia/Kolkata,19800.0,,,,1,1,2,5,0,"{'id': 'a16957009698', 'summary_polyline': 'qgxsBiw_|LKXWnAQh@@^B\\FLHHXNh@HXEb@WT_@JW\\gB?sAKWSSSMWEW?c@LSLKTc@~BGl@?TDh@FHNN^Lb@AVGRMLUh@eBJ{ACYMWSQc@QK?c@HYREHOb@QfAUx@Ef@DZT^RNVBL@JA^M`@]Re@VgAJwAEUUc@GGWKKCa@?UB]d@Y~@]zACb@Hp@NTJFd@LT?TGVYf@y@^sAD{@Kc@MS_@]WGY?UDUJORCVOt@_@fAEn@BXFXPRVNVBXAb@QPQZm@BMJWPqABg@EYMUSQ]OWCW@]PQRi@zBMhAFf@JXPJ^Jb@?JCPMV]Xk@Lk@PiA?e@AMQa@QOa@Oc@@YJSTMTK`@QjAQr@EX@VFTHJTNXLX@TCXSX[NYF[Ri@PmAGo@EKOSUOWIUAa@F]TMRMf@Ej@G^Q^GTAb@@JJTNP`@NT@d@CRMd@m@Tc@HWD]LcA?IG_@OSSOWMWEW?WJSLEJKXMx@Wn@O`AFb@NVPRTHd@@XGRKPSJYRg@FWDe@Ny@Aa@IWg@c@o@K_@HKDW^If@GJg@vBAHBb@^n@HF`@DTAb@OZYXq@Rw@L_A@MCWOc@UUKIc@KW@i@XS\\Uh@', 'resource_state': 2}",False,False,False,False,everyone,False,,"[19.134812, 72.912699]","[19.134955, 72.912584]",3.436,4.66,False,False,False,42.1,36.1,18050383097.0,18050383097,stripped_fd64c4b3-735a-47f4-af9b-a3c086d1dfc4.fit,False,0,1,False,4.714300000000001,4.850490352049437,2026-01-05/2026-01-11,Workout
2,"{'id': 157936324, 'resource_state': 1}",Morning Run,12039.5,4513,4516,135.4,Run,Run,,Strava App,16930304367,2026-01-04 03:30:11+00:00,2026-01-04T09:00:11Z,(GMT+05:30) Asia/Kolkata,19800.0,,,,0,2,1,1,0,"{'id': 'a16930304367', 'summary_polyline': 'idxsB{p_|LSMh@a@d@iCOs@u@c@sA`@eAhERv@b@Zb@@dAa@l@uANcA?cAo@{@aBLW`@s@pDFr@b@Xt@Hx@_@f@iAXyBMw@]Yw@Ki@VqAbEHz@f@b@h@Fx@YfAaCEaCaAg@eAT]l@m@zCLbAf@\\v@?l@_@t@sBJmAIm@c@g@k@G_AXaAhEJv@d@\\|@@j@c@f@eAVmBKy@g@c@u@Ey@f@u@rDDv@`@^t@Ll@OXa@t@{CGcA_@a@u@Mk@Lc@r@o@fC?x@^n@jAJt@]l@mBJmAGo@_@i@s@Oy@\\gAnEh@nAdADh@Yr@cBLyAK}@i@g@{@?k@b@_AzDDf@h@n@tA?v@oAVsABoA_@{@_AMs@\\_A~DH~@d@b@z@Bl@_@|@iCGeBc@e@q@Mw@ZeAlED`@l@r@r@Bt@]~@cCE{Ag@u@{@Mi@TkA~DHz@p@f@l@Dn@Yt@aBPiAMkAi@g@}@Em@d@w@nDD`Ad@`@v@Df@Uz@eANcCWiAeBO}@bAm@vADPX]h@oBZ[x@K~@n@DfAg@tCaA~@mA[_@aAx@}DZc@t@Mz@`@Pl@q@hEi@f@eA?i@e@I}@z@{Dr@_@p@F`@\\L`A{@zDi@^s@Cu@g@Cs@bAeEh@[v@Hh@j@@f@u@`Ek@^{@Ek@e@G_A~@wD^Y|@Bb@VR`A[zBi@pAkAVq@a@Uq@x@gEf@e@z@Al@^L|@q@|Dc@^iA?k@g@M{@bA_En@Yx@H`@`@Hh@u@fE{Ad@m@YW}@?k@|@yCd@c@j@Ah@L`@v@u@pEs@f@i@Fu@a@UkAz@kDh@m@f@A~@b@Pt@s@xDc@d@q@Nw@]Yi@Cc@n@{CXi@n@Yz@Lb@r@Bh@k@nCe@z@i@PiAa@Ui@BcAx@sCt@e@j@Dn@l@J~@s@fDe@b@{@Hc@Qa@iA|@_ET_@p@On@P`@h@?|@e@vC{@t@{@?o@g@K}@^}AAi@', 'resource_state': 2}",False,False,False,False,everyone,False,g27688019,"[19.134292, 72.911667]","[19.134968, 72.912613]",2.668,7.34,False,False,False,43.7,37.8,18023376768.0,18023376768,stripped_e19276ac-cc67-43b0-87a3-3303a2c83979-activity.fit,False,0,1,False,12.0395,6.2474908980162525,2025-12-29/2026-01-04,Long
2,"{'id': 157936324, 'resource_state': 1}",Night Run,5296.5,1704,1704,13.7,Run,Run,,Strava App,16905597508,2026-01-01 18:01:16+00:00,2026-01-01T23:31:16Z,(GMT+05:30) Asia/Kolkata,19800.0,,,,0,3,0,1,0,"{'id': 'a16905597508', 'summary_polyline': 'o}anAykhyM@EAFN?LMDAT@^DFCnAKp@Md@Bj@IN@PJLLDJARK^IJIBi@?c@Ac@CM@OHQXw@n@g@H[?OJK@UNWFo@\\iAVe@DI?YDOCGKIs@Ae@Gc@@YDa@JI`BMnA?TKh@A\\In@Yl@En@OZCZAl@DPCj@?NFLLDH@FCRKTAREFOB{A?k@LGJKZMLg@Re@B[?MNGBYFi@T_ARY?a@F]LSFY?ECGSQwBDi@FMLIb@KRAh@@`@ATCP@hAUn@Ax@Kd@Wd@Mf@?XFb@?HAVMNARX@HAPGV?NGJcAEkAVONS`@URKDQ@QEg@@EBKZaAZqBRm@@q@LMGEeASs@Jq@DG\\QhA?f@Gp@CREHId@M\\APCLGt@Dz@[PCz@Ah@Md@?DBRd@@HANGV?RGHg@Be@CYD]AOBEDSh@URw@N[AEDKRs@P_@Pc@Fw@Bo@HMF[FQCGGGm@CEI_@?oABYZCz@@h@Sb@Kt@MVAPBJARERMZGZ@rAS\\@XAzAUHBFVJR@NKb@CPCDUBm@Ga@Dk@TKF[h@KJUD]?q@FEBCN[JWRKB{@F}B`@K?OKIOCQKU?SEY?SRw@LKb@Gl@BhBe@b@?xAKTEVO|@Sj@?TEpAMH@LHFXCXGVC\\GDo@?w@Lo@BQd@WTUDgADGDKPc@VMBg@Hu@PU@_@JU@e@HICOSE[Bs@EQA]Fc@DK\\Ot@?t@Mj@Qb@C', 'resource_state': 2}",False,False,False,False,everyone,False,g27688019,"[12.958484, 77.708293]","[12.958656, 77.708242]",3.108,7.06,False,False,False,881.7,879.3,17998373207.0,17998373207,stripped_2865e3a9-ddd4-47d5-a8a4-1e8511a36a55-activity.fit,False,0,0,False,5.2965,5.3620315302558295,2025-12-29/2026-01-04,Long
2,"{'id': 157936324, 'resource_state': 1}",Morning Run,3002.9,1242,1245,0.0,Run,Run,,Strava App,16840780354,2025-12-26 01:07:09+00:00,2025-12-26T06:37:09Z,(GMT+05:30) Asia/Kolkata,19800.0,,,,0,1,0,1,0,"{'id': 'a16840780354', 'summary_polyline': 'exfnA_nogMJ?p@MxBMb@KnAGJGTALEZ@PIf@IpBOXI^?XE\\AVGn@EdAOZ?XIl@CXE^Kn@IT?xAS^E^Ih@Gb@IJMPBX?FELDH?b@QJ?b@GV?TOr@EjAW\\?jBORGZCTGT?pAWN?d@KXAXGJ@PG^GXC`@IJGhBMXKVDTIZEXGf@EN@l@K\\A^KX?XCJG\\GJ?@BABW@QF{@JQ?_@Jk@Fw@?SJW?_@Ho@?}@LOD}AJUJQDW@aC^M?i@Ju@Vq@@c@Je@B[HYAYLa@A_@DU@m@NWBKDS?i@Jc@?a@H}@FWNg@@]Lg@B{@Ni@DU?QJSBQ@QDaADa@LO?MDOAo@He@Fa@?WDk@?mATY?SFU?MHK@W?SH}AHKDm@D]He@@_@F', 'resource_state': 2}",False,False,False,False,everyone,False,g27688019,"[12.983236, 74.795368]","[12.982689, 74.795456]",2.418,4.25,False,False,False,9.1,8.4,17932432763.0,17932432763,stripped_b83f2211-f2a8-4a5c-b982-c3aa9ea6f3bc-activity.fit,False,0,0,False,3.0029,6.893336441439941,2025-12-22/2025-12-28,Easy
2,"{'id': 157936324, 'resource_state': 1}",Morning Run,10040.6,3290,3318,16.2,Run,Run,,Strava App,16833813885,2025-12-25 01:07:57+00:00,2025-12-25T06:37:57Z,(GMT+05:30) Asia/Kolkata,19800.0,,,,0,1,1,1,0,"{'id': 'a16833813885', 'summary_polyline': '}wfnAanogMbBSR@fAQvAM|BYT?vAWb@@^Ih@AlAOXAb@K`@@TEHE\\A\\EVKRGj@Ah@Iz@Ex@OZ?VKl@KR?t@Sn@E`@IjAIv@Sj@GZ@XKb@CxC_@~Bc@t@ErDk@V?d@K^CJERBTIv@GpASf@Cn@Kj@Cf@Mj@ClASLE?CQ@u@TmALaATuBNwARy@DIF]?q@Ls@FWHY@WHgD^{@Re@BMDU?]HKA]NYBu@@{AT_@D_@JQ?s@Js@DYJi@B_@Ja@Bg@LwATqADQH_@@YJ[?_@D{@N]?[HkAP[B{@?c@Jc@?[HS@u@L_@BSF[@kBVs@Ba@HkBNgAPgDv@i@Bc@Jg@Ei@HeA@_AAWHaAAeBLc@JoAJeA\\aAPaBHWDSFq@NMFi@Ja@Pc@HYCu@?s@HaAGaCDy@ZoAX_@NK@OHg@Ly@f@m@Du@RgBDSDa@DQFkD^c@@g@FQ?}@Va@DODeAB]J{@LkA`@[NWF{@NwALYF}@?c@JWL[Ba@\\{@T]T_ANSLi@PgAh@SDm@d@eAHQAaAd@q@JY?iANU?QG_@u@GEo@MQKEG?GRq@@Q?SGII?OJM\\QPcALQDKAKEOs@QMKCCCKYMOAKo@eAYoACc@Oi@Aa@GK?QEWOe@?OIYDMLKx@Sb@WVGBGE?MJELd@U`@CFGbAk@z@Yj@]j@IROv@Yf@]x@UXQf@Oh@OXOPCj@UREt@[PCf@WJMLIX[LITSRGTAVOXGj@ATBZE`@BPALEz@?PCp@FJH?vALv@HN@THX?p@B\\Vp@@\\DZZ|@Bd@Lb@?ZJZ?ZFz@HLDJD`ANFER@XFTFDHA`@YJEl@GzA]^?n@El@QjAQN@BAz@Ev@Kf@KZ?VG^?b@MnAIf@?p@OZCXWr@Yz@Yj@KHEp@M`A_@RA`@FNE^?RGZ?TFd@Bx@Kx@Bj@MZOr@OLKTAt@Qv@APG^?t@OjA]lAMVGv@ANGdCCPEbAGjA?pAIf@K|@Kb@MPAb@MrASR?~@MR?NBRMrBQl@Q`AGp@MP@`AMXITC`@@dAOHEd@CJ@TGt@Az@KEGs@ReAFWLYCk@JkADcANk@DKCQNO?aAJ_@HUAED_@AWJo@@YJs@BaALQA', 'resource_state': 2}",False,False,False,False,everyone,False,g27688019,"[12.983196, 74.795375]","[12.983131, 74.79539]",3.052,5.16,False,False,False,23.9,7.6,17925292933.0,17925292933,stripped_3656ef5c-c37f-4bee-8701-3fd1759e440c-activity.fit,False,0,1,False,10.0406,5.461161019593783,2025-12-22/2025-12-28,Long
2,"{'id': 157936324, 'resource_state': 1}",Morning Run,3460.1,1045,1072,9.2,Run,Run,,Strava App,16745554896,2025-12-15 02:39:38+00:00,2025-12-15T08:09:38Z,(GMT+05:30) Asia/Kolkata,19800.0,,,,2,1,2,1,0,"{'id': 'a16745554896', 'summary_polyline': 'u}anAekhyMJJLBNENMDAdAItAC\\Gh@OTBXWBBHPHXCj@EFIBy@TOBi@@QCOBKHO`@MJe@Fm@?IBMVsAh@k@Fc@?g@Da@Jc@PKCSo@CC?OLYEg@Hi@EO@ERAvALZC~@[L?VDTE`AGZMVYRGdAKXGtAGJHLVI|@KHSFe@@]C_@@MDETGHIHe@Vy@RQLUBQJWF}@XGB_@?m@Hm@XQDUMIS@o@EWAs@My@DGPIZEX?r@Rb@IVIj@@l@HP?VEZYl@]TYJCT@PFj@BNI\\En@?DDLf@AVI^ELC@M@WEi@DQHm@La@d@e@VKBs@@SXYBcA\\uAD_@Rm@RO@EEEEEa@@UK_AFs@C[@GLGRELAl@@d@DZGb@Ab@GP@\\I^Ot@IbAUr@Gt@Ar@OF?BBNX@HAPQz@GFcAPe@?YJI@IBIRIF_@NsAHMRYTIBk@Fg@LSEGD?DO?s@RQ@IDUAGEADEAEECGHu@Ck@Ke@AKBi@JOHC\\?FB\\@', 'resource_state': 2}",False,False,False,False,everyone,False,g27688019,"[12.958515, 77.70819]","[12.959373, 77.708086]",3.311,8.84,False,False,False,881.7,879.3,17835937751.0,17835937751,stripped_912e655a-4e0a-4b26-9b4a-dde56011deff-activity.fit,False,0,0,False,3.4600999999999997,5.033573210793523,2025-12-15/2025-12-21,Long
2,"{'id': 157936324, 'resource_state': 1}",Morning Run,4152.4,1301,1324,0.0,Run,Run,,Strava App,16735988244,2025-12-14 00:58:30+00:00,2025-12-14T06:28:30Z,(GMT+05:30) Asia/Kolkata,19800.0,,,,6,1,1,1,0,"{'id': 'a16735988244', 'summary_polyline': 'wqbnAqfhyMNHZV^L~@Bh@HVCb@B^Vp@JPALIBOQg@AW?]C[?[Ea@?SGw@@WCYBSTm@Fc@Nm@PW@KAKQQOAY@mAX}@^a@Hy@f@gBr@a@ZW^ANUtADXLX@NPXFH^NPPLRp@VPBv@EHDd@?PCL?RHNLZPr@BNQBUWoAS}BBkBBKDEJURw@Vq@AQFSSMi@Aa@Ji@VI@GCCDKHc@LSBYJg@Xk@Pu@^UP]PCFYlAEp@@THd@Vb@FDTFNFv@p@NDv@DJDN?d@FTE\\@RFb@Zr@FLIWmACW?aAKq@AuABk@Ru@LYFg@FSJQDO@IAKUKi@HgA\\QBe@PYP_@HOHODcAd@}@ZQHW\\En@Ql@ANDl@JXJb@HJh@LNPD?^NBJEZDLJ_@TBl@?v@H^IT@FBf@d@JBb@DHAHE@KWuA?u@KmADm@CoAJk@LY@IJOLo@JY@OEIOEMBIAu@N', 'resource_state': 2}",False,False,False,False,everyone,False,g27688019,"[12.959896, 77.70978]","[12.96198, 77.708684]",3.192,7.06,False,False,False,882.4,880.7,17826228648.0,17826228648,stripped_f9f13643-a099-4c04-866f-088eba8f53cd-activity.fit,False,2,0,False,4.152399999999999,5.221879716148092,2025-12-08/2025-12-14,Long
2,"{'id': 157936324, 'resource_state': 1}",Uhoh,1491.7,415,445,0.0,Run,Run,,Strava App,16702141901,2025-12-10 10:45:01+00:00,2025-12-10T16:15:01Z,(GMT+05:30) Asia/Kolkata,19800.0,,,,1,1,0,1,0,"{'id': 'a16702141901', 'summary_polyline': 'sranAqlhyMDb@Eh@AFKH_AJm@@QBOHYd@IDYF}@@M@IX_@N{Bj@e@Ds@TI@[GIMC_@Bo@Ka@@{@@I|@Mt@Gh@Ql@KJARDP?h@Ib@Ah@Ih@SzAG\\G`@K\\CBN?XDL?ZGn@GDW@m@M{@@KFGVUP', 'resource_state': 2}",False,False,False,False,everyone,False,,"[12.958533, 77.708257]","[12.959582, 77.706926]",3.594,8.12,False,False,False,881.0,879.0,17791952830.0,17791952830,stripped_91ed61e1-c1d8-429a-bcdc-aacb1ab72171-activity.fit,False,1,0,False,1.4917,4.636767893454895,2025-12-08/2025-12-14,Workout
2,"{'id': 157936324, 'resource_state': 1}",Recovery run,5246.3,1749,1749,0.0,Run,Run,,Strava App,16680712922,2025-12-08 02:07:19+00:00,2025-12-08T07:37:19Z,(GMT+05:30) Asia/Kolkata,19800.0,,,,2,1,0,1,0,"{'id': 'a16680712922', 'summary_polyline': '', 'resource_state': 2}",False,False,False,False,everyone,False,,[],[],3.0,6.98,False,False,False,881.0,879.0,17770226443.0,17770226443,stripped_1e22da6d-8d04-4da5-951e-a1f35b3ccba1-activity.fit,False,1,0,False,5.2463,5.556296818710329,2025-12-08/2025-12-14,Long
2,"{'id': 157936324, 'resource_state': 1}",Evening Run,10518.3,3053,3073,37.7,Run,Run,,Strava App,16667257962,2025-12-06 15:02:33+00:00,2025-12-06T20:32:33Z,(GMT+05:30) Asia/Kolkata,19800.0,,,,8,1,0,33,0,"{'id': 'a16667257962', 'summary_polyline': 'o|enA{|jyMLMGKBYQo@KOe@Om@COG{@BUC{ACIAMQDGBYBk@?{@CWDy@C{@Bm@CUJa@BuAD]CoAD[CMFm@A}ACSCw@D[Aa@Ho@ES?YEIAWGIOO_@MKH]?OCy@Hw@@UW}@[a@KWCYKWE_Ag@GKIBIMSM}Ac@eAk@]Ei@i@kBgAo@q@q@c@S[c@Ya@i@a@]AIGG[y@OYg@oAS[SW]}@BCn@jAp@hBTTRn@Xn@hB`B\\Rt@j@Z`@f@XnBbB^NrBb@^NLLTFNLTHp@^p@J~@Xd@Dr@XZFNL`@LX@v@NP?XKJ?DCb@D^Av@J|@CjABfAG`A?\\D^ATD~@?d@DdAZl@FRPBRAJQt@CBDPDh@Ep@Bv@A`@Kj@?jAENEDK?MF@NLT^`@BNYx@UrAGfBE`@Ar@EVEr@@`B@f@CjAEN@XC^EN?VGh@?b@Mx@AIN_B?cBFm@D[@iAKGWEyACSIu@H]Ec@Ae@J?HEBK`@EDEh@Cv@ERE`A@`@Kx@HXBRKh@@XGl@EFWFu@EKDEHKhA?TCTAh@EXQTg@B[Ga@@OOOCAIT{BGkAJ{ANw@@]ZYx@a@NQXQZe@~AkAFUQg@Ec@GK}@KeB?eABi@MOUEc@?w@Dc@Cw@Dk@?QBi@?y@B[@w@Eg@H{@GW?MB_@PeAAOMm@@ODC@OE[BSBYFAG{@BMDeAG[?SEIUM{@KOMKAMBq@Cc@CUGcBE?UGKi@Iq@OeAa@WSaA_@]Eq@_@e@MUK]_@e@S_@_@k@a@QYq@c@IMc@Qe@i@OWe@_@gA}BOg@g@kAOMKQI]B?DJAH@Fb@`@Xp@LPd@rAj@jAd@`@^d@fBpAJPD?l@j@hAr@JP`At@vA^ZAHBl@^\\NRL@DJ?b@XzAXPLFEFAXHz@Lk@S?EBBL@FC@GHCzDhCAOP]FEf@KHHJRr@BXFnEGVDr@C\\F\\ARDl@CbANPHjAFNFBf@O~@CZJfBKhA?RD`@AjBPNIn@]d@ANBZUhCCp@EJBD?TIdA@pDC\\G\\B\\EV?JIN?\\M^CrA@NCDE??CJaA?]LiB@u@BYA}@GOQGk@Aw@J{BIk@BQVMb@', 'resource_state': 2}",False,False,False,False,everyone,False,,"[12.980145, 77.71942]","[12.980083, 77.71988]",3.445,15.26,False,False,False,899.6,888.9,17756516912.0,17756516912,stripped_a4035330-339a-4d04-8b62-fe9cb6c4944e-activity.fit,False,4,2,False,10.5183,4.837600499446996,2025-12-01/2025-12-07,Long
2,"{'id': 157936324, 'resource_state': 1}",Back in blr,11319.6,3820,3874,0.0,Run,Run,,Strava App,16573712328,2025-11-26 15:41:28+00:00,2025-11-26T21:11:28Z,(GMT+05:30) Asia/Kolkata,19800.0,,,,3,1,1,1,0,"{'id': 'a16573712328', 'summary_polyline': 'mranAgjhyM@LGNKB[@c@DY@cAXQTIN]Du@REAQPCLODkABSBKD_AHWFm@VKAMKC]Ie@I}@@_@BG@]DGDAbBK|@Bb@MRAVId@?n@GVG`@WHCN?h@Gf@DR@f@IXDLLFRI~@EF}@H', 'resource_state': 2}",False,False,False,False,everyone,False,,"[12.958375, 77.708247]","[12.958713, 77.708154]",2.963,5.37,False,False,False,881.0,879.0,17661437052.0,17661437052,stripped_5d123a08-668a-4f13-85d5-792e115822ba-activity.fit,False,1,0,False,11.319600000000001,5.624462584072464,2025-11-24/2025-11-30,Long
2,"{'id': 157936324, 'resource_state': 1}",Morning Run,4080.5,1235,1235,41.8,Run,Run,,Strava App,16539226580,2025-11-23 02:24:19+00:00,2025-11-23T07:54:19Z,(GMT+05:30) Asia/Kolkata,19800.0,,,,2,1,0,1,0,"{'id': 'a16539226580', 'summary_polyline': '', 'resource_state': 2}",False,False,False,False,everyone,False,,[],[],3.304,7.66,False,False,False,44.8,39.1,17626413699.0,17626413699,stripped_45bda0ea-d85a-4117-a225-08e09c43d11f-activity.fit,False,1,0,False,4.0805,5.044316464485561,2025-11-17/2025-11-23,Long
2,"{'id': 157936324, 'resource_state': 1}",Morning Run,10036.3,3106,3159,111.8,Run,Run,,Strava App,16490643100,2025-11-18 01:27:04+00:00,2025-11-18T06:57:04Z,(GMT+05:30) Asia/Kolkata,19800.0,,,,3,1,1,1,0,"{'id': 'a16490643100', 'summary_polyline': '', 'resource_state': 2}",False,False,False,False,everyone,False,,[],[],3.231,7.1,False,False,False,47.4,39.0,17577333249.0,17577333249,stripped_8b8c6a47-0f04-4680-bdc6-ea410ed52218-activity.fit,False,1,0,False,10.036299999999999,5.157943332370164,2025-11-17/2025-11-23,Long
2,"{'id': 157936324, 'resource_state': 1}",Random,2773.2,840,857,11.5,Run,Run,,Strava App,16374768762,2025-11-06 15:20:46+00:00,2025-11-06T20:50:46Z,(GMT+05:30) Asia/Kolkata,19800.0,,,,0,1,0,1,0,"{'id': 'a16374768762', 'summary_polyline': 'soxsBsp_|L?pAIvB@JDDTFZ@j@Jz@Hb@Lp@Dp@Rx@EJODa@Pe@D]d@eBVE?KFGFYLSFa@Gy@BUn@sB\\qA`@sBEIi@KgA_@wAQg@YaD[QIEAe@OM?UGSA]MK@MZIl@?n@AFV`@H`@K`BS`AA`@DZ@r@Eb@BVAnABTGX?ZCV?x@Cj@BDLF^?NB\\L\\F^Jh@@zBXPAHAP]Fa@VkAFM', 'resource_state': 2}",False,False,False,False,everyone,False,,"[19.136089, 72.913937]","[19.136069, 72.914249]",3.301,7.24,False,False,False,48.7,42.7,17460505450.0,17460505450,stripped_52bd2e6d-604d-45b1-a841-7d66df3eb53d-activity.fit,False,0,0,False,2.7731999999999997,5.048319630751479,2025-11-03/2025-11-09,Long
2,"{'id': 157936324, 'resource_state': 1}",Campus,8024.5,2609,2616,29.7,Run,Run,,Strava App,16327017251,2025-11-02 01:13:39+00:00,2025-11-02T06:43:39Z,(GMT+05:30) Asia/Kolkata,19800.0,,,,0,1,0,2,0,"{'id': 'a16327017251', 'summary_polyline': 'yxwsBud`|Lx@i@d@QRKb@MTKP?RGt@Cf@G`@D`BM^BFBCA?Ad@AXHTDtAFPA^@x@KZ@LAB@BH@^A`@D`@JJT?^Vb@Ed@M`BSTKZUb@ShAY|@]NHN@ZLz@RPHRTDLAr@M|A?^HjA?NEBC@[Iu@[{AYY?q@GYIe@AMCU?OCUAu@MS?o@M]LUTYPSXYJK@GEIi@Hc@Aa@@[FQAGEBCP?r@E`@BRARBHHHX?^MHG\\_@^MHGRCrBVf@BpBTLARBPFVDj@Bv@ZTT`@THNHb@?NAd@NnAB\\Al@BZRf@XfAHdAL`@F`@CZGLNh@DV@\\BHGb@ORGVO^Eb@@XAP@\\GPGBSBcA@BD^Bl@ANCRMDUGy@Bi@DYP[Lm@CcAC_@@YCWMe@WcCg@oACc@BQEw@QcBBq@GUGEAOES@c@EOMyAH_BJWDS?SYSUEQI_@_@SC[Ii@@YDULe@LUPcAZs@b@OFQA]D_@?[JWBOAS@UEIMAg@Fu@@KHIDCVDt@BVIL?`@Gb@Sp@I^QNOTANG\\SVILKj@KPMVKBE?GCAE@SRq@Vq@\\_@D]Rs@NaAZKHa@Hw@DQESBo@Ci@DkAIwAEIEIYCY@SGa@Bw@BMDCTAPDPCLD\\@j@Ef@@XDT?DBFVD`@CV@FPBRCfAYPM|@Yp@]NCNGb@MTOr@Uf@WDIDYGQOWMIEAc@B}@`@SD]Xy@NqB`A}@PcAEo@Do@Cm@DSISBGAMICEEW?UBw@Eu@@YE]D_@MaACk@@[GY?YOo@KIUCS@k@DQEG@c@J[Ay@DmA@i@DWEG@IFYl@EZ?|@MVMPUBK?MFa@CMBYAS@_@Cc@BMECEF[ESBe@GKGAa@A]@_@HU@SAOBe@?KFCDEf@I^ALINHh@AF?PE\\', 'resource_state': 2}",False,False,False,False,everyone,False,,"[19.136009, 72.910935]","[19.135919, 72.913247]",3.076,7.02,False,False,False,54.9,40.5,17412209294.0,17412209294,stripped_9f60a4d6-3ad5-4e9a-8b0f-2f28ad8b4130-activity.fit,False,0,1,False,8.0245,5.418821525744076,2025-10-27/2025-11-02,Long
2,"{'id': 157936324, 'resource_state': 1}",Hiranandani 1,3733.2,1063,1063,22.1,Run,Run,,Strava App,16256885266,2025-10-26 01:04:56+00:00,2025-10-26T06:34:56Z,(GMT+05:30) Asia/Kolkata,19800.0,,,,0,1,0,31,0,"{'id': 'a16256885266', 'summary_polyline': 'sqtsByp_|Ld@i@Rc@^e@JGXVHTR|@\\n@DV\\dAHdAT~@XbBFt@HZ@fAE`@Ax@HbAJ\\?v@Gl@DX?p@@RCZLrAAZHv@Ij@e@LgAJkBOw@Eo@Fo@ASC{@?{@M]?aAKW@MDI?UIOOU_AGc@KOG]Qa@Ke@?QAEg@m@IUYc@O_@c@u@OQg@]SWCOAOD_@@GNMRm@Hs@DsCJk@Ba@Ee@LgACeBEUKSiAs@e@O[ISI[Ei@WSAw@QYKe@Eo@QyAMc@K}@Gs@@]F_ABO?eANO@YFEAlAW\\DPCPGDKNGjABh@CP@rAV^CjAHZFZLVDx@RNAHEPULWJc@He@A]BQ@a@H_@JGH?z@P^DnA@f@HTHBFBb@Gp@@^Kh@Ob@MxA?PFRJRJFVX', 'resource_state': 2}",False,False,False,False,everyone,False,,"[19.116854, 72.910164]","[19.116715, 72.909981]",3.512,7.22,False,False,False,56.4,42.2,17341281291.0,17341281291,stripped_151edacd-e9ac-4176-935c-835392e7bf95-activity.fit,False,0,0,False,3.7331999999999996,4.745705203757277,2025-10-20/2025-10-26,Long
2,"{'id': 157936324, 'resource_state': 1}",Lal Bagh 1,7161.5,2284,2612,28.6,Run,Run,,Strava App,16175371422,2025-10-18 01:02:20+00:00,2025-10-18T06:32:20Z,(GMT+05:30) Asia/Kolkata,19800.0,,,,0,1,1,1,0,"{'id': 'a16175371422', 'summary_polyline': 'cv_nAw{pxMVRh@NDEGCYASJs@Hq@Co@NIDKr@M\\AJBxCR|@CF[^]E_@MWASGO?CCDCJ@JFbATp@@DAES@SEW?u@Kq@DiAAOGCY?y@\\A?CEl@gDF]CKSEaB@cAQYQKCM?YDSAMDq@`@a@b@c@Za@t@QJMNc@Zq@b@OTKBq@Dc@Hu@?QFWn@Ef@?n@BN?RCPK\\SRYTYJkADm@Ii@TI`@KXIJYJBPEPk@x@EL?FRb@PR|Br@TNRHb@`@bAHZ?v@d@x@JXNd@D|@XFD@\\BFFF`@NTHl@@r@F^Ld@Fl@\\Xb@@XBJ\\r@X`@Fh@Pd@@TFB?JNXJLF@dAvCaAeCDH\\FR?\\C`@]TCn@AJB`@?XD\\Ap@Kr@FdBCd@HbAIf@Bd@EhA@|@HJAF@DCFAb@@JA\\?BCFS@w@N]?UDg@GCCK?]La@CMCwABs@K[i@e@KSQOEO?MEEWISQ_AWy@[Ua@Gg@Q_@MMe@UKOAIDe@?WCu@EUEEKAs@Fk@Aa@JkA?KLgACGDAHHj@?\\Jv@AVDZ?p@@NGp@CHGj@ITCX[h@Qd@[d@CJ_@r@SPAHG@Id@MNWLIb@Jh@TLV?VIl@MB?ADWH_@FY@]G[WIWI{@GUEE?GEQKW?SSm@IKO[W_@_@M[DGCEMS?UGyB[g@KcAMYMQE]Aa@KWAe@Ke@AQGAE?GJO@SNu@BCh@@RCFMPMNQXu@?UG_@W]g@]c@KQ@CJg@H_@ZCRCDOBQ?u@Iw@WG?UJa@G]AG@OJI^QTUd@Y\\CH?FDP`@^VLZDXNZB~@\\DHHTRPd@B^APBRDb@Tb@Pb@JV@HHF?GK_@WQCg@UMMAq@TaBGMYMe@c@CSBYCGGIMGe@Mw@IYKOBWAUIQUCKDOFE', 'resource_state': 2}",False,False,False,False,everyone,False,,"[12.948966, 77.590008]","[12.952056, 77.585811]",3.136,8.12,False,False,False,919.0,902.6,17259073665.0,17259073665,stripped_44b1943e-59fb-45d7-9a12-674514056492-activity.fit,False,0,1,False,7.1615,5.3154599827782825,2025-10-13/2025-10-19,Long
2,"{'id': 157936324, 'resource_state': 1}",Marine Dr 2,6254.2,2193,2205,5.8,Run,Run,,Strava App,16111820205,2025-10-12 01:19:28+00:00,2025-10-12T06:49:28Z,(GMT+05:30) Asia/Kolkata,19800.0,,,,3,1,0,1,0,"{'id': 'a16111820205', 'summary_polyline': 'k|rrBien{LQHK@u@^wAf@YRSFg@Xa@HMH{@b@]JUPYJy@f@g@TSP{Az@[XUHSNc@TaBhAWNQPc@V_@Z{@h@s@p@IBINa@TIL]XSTOHEF[Xk@Zi@b@KNOFu@n@cA~@MFWZ]X_@VOPULGJ@KLY\\_@VUf@[r@k@bB_BTOHOd@YTILIf@Ud@e@^Ul@q@^Yn@c@RSd@YNO`@WHCTWb@Uh@c@d@URSd@SpA_A^QRONCPOVKfAw@TG^Ud@Or@c@VGv@]VG`@UVGVMh@Mv@c@j@OjAc@h@GNIVETQ^IHEZGRMRCx@YdAKn@SbAGJEt@ALEl@IXG|@GPCl@AXBf@MZCd@DX?RALGzABNENA`ADTCNB^EH?TN^@NCd@FLA^?n@FP?XFVEX?^FLD^@b@LnALX?vB\\P?l@NLHb@HZLj@Hj@LtAd@x@Pn@Vh@Lh@R\\HXLXRRDVPZF`Ad@J@d@b@^Hf@\\B?YQ_@KKGCGWIOMQC_@QKAa@S{@[i@a@QGQC]OOKq@O{@]w@OYKUA[K]Qc@GU?m@QW@KEYWi@Aq@Ow@GeAS{AIYKUC_A@aAGYIY?IGGFI@UEK?}@Ge@AGEQCI?GEQDG?IBQ?MBAEMAG@IHE@GACGIFU@UNg@EKCQAc@FECG?c@Fm@@_@Ha@Gg@L[?SD[@[D[@cAPuAPc@L_@BWHO@QJ[Fc@Pe@Ja@RD?TI`Ag@t@Q\\Ql@M`@CT?\\I', 'resource_state': 2}",False,False,False,False,everyone,False,,"[18.940908, 72.823832]","[18.938218, 72.82411]",2.852,6.36,False,False,False,11.1,4.2,17194875681.0,17194875681,stripped_02402093-3136-4418-87e8-f2b901c41141-activity.fit,False,0,0,False,6.2542,5.844072783089763,2025-10-06/2025-10-12,Long
2,"{'id': 157936324, 'resource_state': 1}",Marine dr,5058.2,1860,1877,3.4,Run,Run,,Strava App,16036671548,2025-10-05 03:11:23+00:00,2025-10-05T08:41:23Z,(GMT+05:30) Asia/Kolkata,19800.0,,,,2,1,0,1,0,"{'id': 'a16036671548', 'summary_polyline': 'ouqrBgmn{L`@@PDhAGf@Hz@?f@Fb@B^FjABRLn@Bx@LR?JFn@Bd@H`@JZ@bAZdAPRF`@Fx@TtAVVRd@H~Ar@h@JfAl@dA`@\\TVFVNXJTVVH@AACECe@OQMc@QOK[Cc@Y[IMMc@SWGKIa@KOMc@IUOkAc@_@UmAIaA]UKI@WKu@KG@QKqA[S?_@Ic@A[Kc@Ce@K{@EYG_@Ea@BSAk@K{AG[GeAAI@]?QEm@@y@CIBKCWFyA?c@AIBe@Fw@AUBYFy@?YFO?QD_@CYBuARs@NOCM@QFsARi@NU@k@ZOBQ@GDKBg@R{@Rg@R_Bd@_@R{@TQN[F]LQPgC|@OJ[J[Vq@VOLUDQJg@b@k@Zi@`@_@NwAbA_@NYNo@l@a@RIHWFKFe@f@UPi@Zc@^OTOFMLQLGJYJONCFFCROJSHKHCHKJCPSNIHIVOPUdAu@TWVKZW\\ORQ\\OXYz@k@LC\\[XMXUZUpAq@h@_@`@M\\YXI^SJIn@WNApAo@RGtAm@ZI`@WJ?d@QPCTM~@Y', 'resource_state': 2}",False,False,False,False,everyone,False,,"[18.941788, 72.823511]","[18.940169, 72.823881]",2.719,5.36,False,False,False,10.0,6.5,17118910649.0,17118910649,stripped_4f2f1734-b466-4034-8408-274141937a95-activity.fit,False,2,0,False,5.0582,6.128662370013048,2025-09-29/2025-10-05,Long
2,"{'id': 157936324, 'resource_state': 1}",Night Run,2073.6,670,912,4.1,Run,Run,,Strava App,16036572321,2025-10-04 16:13:21+00:00,2025-10-04T21:43:21Z,(GMT+05:30) Asia/Kolkata,19800.0,,,,0,0,0,1,0,"{'id': 'a16036572321', 'summary_polyline': 'yxjsBwfn{La@PSBs@Bc@FQJWHW@[L_BRk@PUCm@DQEIGYBQI_@IOIi@S[AY@QCi@?WDi@L[Ng@NwAl@B@n@a@^KHKXIPMn@ING\\?`@IbABv@\\VB^Ll@L|@@`@Id@ALEb@EzAi@NGPAXMB?^DRCp@Y`@G', 'resource_state': 2}",False,False,False,False,everyone,False,,"[19.061609, 72.821991]","[19.061479, 72.821979]",3.095,4.78,False,False,False,9.2,5.0,17118808309.0,17118808309,stripped_bc83f3fb-3dd4-4877-be0f-01eb6cd288cf-activity.fit,False,0,0,False,2.0736,5.3851594650205765,2025-09-29/2025-10-05,Long
2,"{'id': 157936324, 'resource_state': 1}",Night Run,1851.6,675,705,4.6,Run,Run,,Strava App,16032369575,2025-07-09 19:11:59+00:00,2025-07-10T00:41:59Z,(GMT+05:30) Asia/Kolkata,19800.0,,,,0,0,0,1,0,"{'id': 'a16032369575', 'summary_polyline': '{ranAulhyMFRDd@Mh@KL]He@@WGK@a@NMJIXSPSFSA]D[CM^WBQH}ADwB^GDOAGCIe@Ps@?mAJ]PKZAD@`AY\\Ed@FZE\\Bt@?b@EVGXMLAT@TCb@MTMNCb@@F?FFLl@Bd@KZQLk@TOBiADE@MTURI@a@@]ASDKRWPs@@WHs@BQDEAyA\\OEEEE]Ls@CU@g@Ca@BEZOb@@j@O^?RGvBWRGd@CbAYf@?', 'resource_state': 2}",False,False,False,False,everyone,True,,"[12.958579, 77.708232]","[19.061601, 72.822006]",2.743,5.36,False,False,False,881.7,9.5,17114539947.0,17114539947,stripped_0e41c021-552a-4e29-9212-430fd981a003-activity.fit,False,0,0,False,1.8516,6.075826312378484,2025-07-07/2025-07-13,Long
2,"{'id': 157936324, 'resource_state': 1}",Morning Run,5024.5,2074,2107,27.0,Run,Run,0.0,Strava App,15020322800,2025-07-06 00:59:24+00:00,2025-07-06T06:29:24Z,(GMT+05:30) Asia/Kolkata,19800.0,,,,2,0,0,1,0,"{'id': 'a15020322800', 'summary_polyline': 'kfenAwiqxM]DY?mAa@g@s@Io@?SRs@D[N]XSVYP[VU`@y@HYT_@DUPIHIRcAN_@TUNEXCXGf@A`@MlAMPEN@VCTIXCTIf@??BIDWBQHW?WFm@Fc@?k@PE?SIWH[DUFG?OAOFMCOH]ZGVARSl@ANS^Kb@IJK^KRIBQRS\\Qb@OHS`@UTKTKx@@Vp@jAh@RTBv@A^MZc@PMLc@Zc@Tk@TQf@o@VI\\Mr@y@^Yd@{@FGF?LYJMXm@JMPg@LKDBAFQPYr@MNKVa@h@OLe@t@o@d@GNURWH_@TSVi@`@IJIRC^MNMFGXKR@BxAZt@Bb@Px@HHDVDRHn@?^QJKJCL@VNXBXHfAPd@Nv@FXDNH`@?HFD?HD^Bn@PL@v@LTJpAL^JFJtANpAb@^@BDNF?BC@FECB[Qa@G[AQII?k@[m@A}@Wc@ESE_@S[MYBG?EGE@UAu@O[OQCQIe@EU@YIw@IcAWUCSGo@Ei@\\MDY@y@Om@SO@ONEAISEIYGKAWMc@?ECUAQME?SLSBMNKDs@HQIm@M_@Wa@_@Ea@EAAEDy@Fa@P[Xa@JCr@}@HW?GCGs@c@KMUMMU[YMY[MYBMAGI@c@BILINUVMd@m@FU@[CQK_@CCRQP]PMD?JH`@h@HD?@L?DBDJ@FJBd@l@j@d@N\\HFLDF?b@I', 'resource_state': 2}",False,False,False,False,everyone,False,,"[12.97407, 77.590147]","[12.973371, 77.593654]",2.423,5.487,False,False,False,922.2,912.1,16035254774.0,16035254774,stripped_0e1a0ea4-acb4-4abd-a4db-bd963af2d898-activity.fit,False,1,0,False,5.0245,6.879623179752547,2025-06-30/2025-07-06,Long
